route_id,uri,methods,status,tags,is_public
demo-management-route_demo_management_service_openapi_json,/demo-management-service/openapi.json,GET,1,,Yes
demo-management-route_demo_management_service_redoc,/demo-management-service/redoc,GET,1,,Yes
demo-management-route_health_check,/demo-management-service/api/v1/health/,"GET,OPTIONS,HEAD",1,health,Yes
demo-management-route_create_revision,/demo-management-service/api/v1/migration/revision,"POST,OPTIONS,HEAD",1,migrations,No
demo-management-route_upgrade_database,/demo-management-service/api/v1/migration/upgrade,"POST,OPTIONS,HEAD",1,migrations,No
demo-management-route_upload_migrations,/demo-management-service/api/v1/migration/upload,"POST,OPTIONS,HEAD",1,migrations,No
demo-management-route_download_migrations,/demo-management-service/api/v1/migration/download,"POST,OPTIONS,HEAD",1,migrations,No
demo-management-route_create_demo_a,/demo-management-service/api/v1/demo-a/create/,"POST,OPTIONS,HEAD",1,demo-a,No
demo-management-route_get_demo_a,/demo-management-service/api/v1/demo-a/read/*/,"GET,OPTIONS,HEAD",1,demo-a,No
demo-management-route_list_demo_as,/demo-management-service/api/v1/demo-as/,"GET,OPTIONS,HEAD",1,demo-a,Yes
demo-management-route_update_demo_a,/demo-management-service/api/v1/demo-a/update/*/,"PATCH,OPTIONS,HEAD",1,demo-a,No
demo-management-route_update_demo_a_is_active,/demo-management-service/api/v1/demo-a/update/is-active/*/,"PATCH,OPTIONS,HEAD",1,demo-a,No
demo-management-route_update_demo_a_status,/demo-management-service/api/v1/demo-a/update/status/*/,"PATCH,OPTIONS,HEAD",1,demo-a,No
demo-management-route_delete_demo_a,/demo-management-service/api/v1/demo-a/delete/*/,"DELETE,OPTIONS,HEAD",1,demo-a,No
demo-management-route_create_demo_b,/demo-management-service/api/v1/demo-b/create/,"POST,OPTIONS,HEAD",1,demo-b,No
demo-management-route_get_demo_b,/demo-management-service/api/v1/demo-b/read/*/,"GET,OPTIONS,HEAD",1,demo-b,No
demo-management-route_list_demo_bs,/demo-management-service/api/v1/demo-bs/,"GET,OPTIONS,HEAD",1,demo-b,No
demo-management-route_update_demo_b,/demo-management-service/api/v1/demo-b/update/*/,"PATCH,OPTIONS,HEAD",1,demo-b,No
demo-management-route_update_demo_b_status,/demo-management-service/api/v1/demo-b/update/status/*/,"PATCH,OPTIONS,HEAD",1,demo-b,No
demo-management-route_update_demo_b_is_active,/demo-management-service/api/v1/demo-b/update/is-active/*/,"PATCH,OPTIONS,HEAD",1,demo-b,No
demo-management-route_delete_demo_b,/demo-management-service/api/v1/demo-b/delete/*/,"DELETE,OPTIONS,HEAD",1,demo-b,No
demo-management-route_create_mapping,/demo-management-service/api/v1/demo-a-to-demo-b-mapping/create/,"POST,OPTIONS,HEAD",1,demo-a-to-demo-b-mapping,No
demo-management-route_get_mapping,/demo-management-service/api/v1/demo-a-to-demo-b-mapping/read/*/,"GET,OPTIONS,HEAD",1,demo-a-to-demo-b-mapping,No
demo-management-route_list_mappings,/demo-management-service/api/v1/demo-a-to-demo-b-mappings/,"GET,OPTIONS,HEAD",1,demo-a-to-demo-b-mapping,No
demo-management-route_update_mapping,/demo-management-service/api/v1/demo-a-to-demo-b-mapping/update/*/,"PATCH,OPTIONS,HEAD",1,demo-a-to-demo-b-mapping,No
demo-management-route_update_mapping_status,/demo-management-service/api/v1/demo-a-to-demo-b-mapping/update/status/*/,"PATCH,OPTIONS,HEAD",1,demo-a-to-demo-b-mapping,No
demo-management-route_update_mapping_is_active,/demo-management-service/api/v1/demo-a-to-demo-b-mapping/update/is-active/*/,"PATCH,OPTIONS,HEAD",1,demo-a-to-demo-b-mapping,No
demo-management-route_get_mappings_by_demo_a_id,/demo-management-service/api/v1/demo-a-to-demo-b-mapping/by-demo-a/*/,"GET,OPTIONS,HEAD",1,demo-a-to-demo-b-mapping,No
demo-management-route_get_mappings_by_demo_b_id,/demo-management-service/api/v1/demo-a-to-demo-b-mapping/by-demo-b/*/,"GET,OPTIONS,HEAD",1,demo-a-to-demo-b-mapping,No
demo-management-route_delete_mappings_by_demo_a_id,/demo-management-service/api/v1/demo-a-to-demo-b-mapping/delete-by-demo-a/*/,"DELETE,OPTIONS,HEAD",1,demo-a-to-demo-b-mapping,No
demo-management-route_delete_mappings_by_demo_b_id,/demo-management-service/api/v1/demo-a-to-demo-b-mapping/delete-by-demo-b/*/,"DELETE,OPTIONS,HEAD",1,demo-a-to-demo-b-mapping,No
demo-management-route_delete_mapping,/demo-management-service/api/v1/demo-a-to-demo-b-mapping/delete/*/,"DELETE,OPTIONS,HEAD",1,demo-a-to-demo-b-mapping,No
demo-management-route_create_demo_a_response,/demo-management-service/api/v1/demo-a-response/create/,"POST,OPTIONS,HEAD",1,demo-a-response,No
demo-management-route_get_demo_a_response,/demo-management-service/api/v1/demo-a-response/read/*/,"GET,OPTIONS,HEAD",1,demo-a-response,No
demo-management-route_get_demo_a_responses_by_demo_a_id,/demo-management-service/api/v1/demo-a-response/by-demo-a/*/,"GET,OPTIONS,HEAD",1,demo-a-response,No
demo-management-route_list_demo_a_responses,/demo-management-service/api/v1/demo-a-responses/,"GET,OPTIONS,HEAD",1,demo-a-response,No
demo-management-route_update_demo_a_response,/demo-management-service/api/v1/demo-a-response/update/*/,"PATCH,OPTIONS,HEAD",1,demo-a-response,No
demo-management-route_update_demo_a_response_is_active,/demo-management-service/api/v1/demo-a-response/update/is-active/*/,"PATCH,OPTIONS,HEAD",1,demo-a-response,No
demo-management-route_update_demo_a_response_status,/demo-management-service/api/v1/demo-a-response/update/status/*/,"PATCH,OPTIONS,HEAD",1,demo-a-response,No
demo-management-route_delete_demo_a_response,/demo-management-service/api/v1/demo-a-response/delete/*/,"DELETE,OPTIONS,HEAD",1,demo-a-response,No
demo-management-route_create_demo_b_response,/demo-management-service/api/v1/demo-b-response/create/,"POST,OPTIONS,HEAD",1,demo-b-response,No
demo-management-route_get_demo_b_response,/demo-management-service/api/v1/demo-b-response/read/*/,"GET,OPTIONS,HEAD",1,demo-b-response,No
demo-management-route_get_demo_b_responses_by_demo_b_id,/demo-management-service/api/v1/demo-b-response/by-demo-b/*/,"GET,OPTIONS,HEAD",1,demo-b-response,No
demo-management-route_list_demo_b_responses,/demo-management-service/api/v1/demo-b-responses/,"GET,OPTIONS,HEAD",1,demo-b-response,No
demo-management-route_update_demo_b_response,/demo-management-service/api/v1/demo-b-response/update/*/,"PATCH,OPTIONS,HEAD",1,demo-b-response,No
demo-management-route_update_demo_b_response_is_active,/demo-management-service/api/v1/demo-b-response/update/is-active/*/,"PATCH,OPTIONS,HEAD",1,demo-b-response,No
demo-management-route_update_demo_b_response_status,/demo-management-service/api/v1/demo-b-response/update/status/*/,"PATCH,OPTIONS,HEAD",1,demo-b-response,No
demo-management-route_delete_demo_b_response,/demo-management-service/api/v1/demo-b-response/delete/*/,"DELETE,OPTIONS,HEAD",1,demo-b-response,No
demo-management-route_create_backup,/demo-management-service/api/v1/backup/create,"POST,OPTIONS,HEAD",1,backup,No
demo-management-route_list_backups,/demo-management-service/api/v1/backup/list,"GET,OPTIONS,HEAD",1,backup,No
demo-management-route_restore_backup,/demo-management-service/api/v1/backup/restore,"POST,OPTIONS,HEAD",1,backup,No
demo-management-route_publish_message,/demo-management-service/api/v1/rabbitmq/message/publish/,"POST,OPTIONS,HEAD",1,rabbitmq,No
demo-management-route_setup_exchange,/demo-management-service/api/v1/rabbitmq/exchange/setup/,"POST,OPTIONS,HEAD",1,rabbitmq,No
demo-management-route_publish_to_exchange,/demo-management-service/api/v1/rabbitmq/exchange/publish/,"POST,OPTIONS,HEAD",1,rabbitmq,No
demo-management-route_get_queue_info,/demo-management-service/api/v1/rabbitmq/queue/*/info/,"GET,OPTIONS,HEAD",1,rabbitmq,No
demo-management-route_custom_swagger_ui_html,/demo-management-service/docs,"GET,OPTIONS,HEAD",1,,Yes
demo-management-route_get_apisix_routes_csv,/demo-management-service/apisix.csv,"GET,OPTIONS,HEAD",1,,Yes
